Photometry,Sector,Likelihood,Log S0,Log Q,Log w0,Inc - S0,Inc + S0,Inc - Q,Inc + Q,Inc - w0,Inc + w0
TESS_18_19,All,314999.7612855668,-21.058228515839296,2.1518104529581623,5.764556429309284,0.015202874773493136,0.015218908735906922,0.03073747818947581,0.03234328839127665,0.0017006028816268781,0.001696023261946067
